epoch,train_loss,train_acc,val_loss,val_acc,test_loss,test_acc
1,2.3005997234582902,55.3125,0.6656421295234135,75.5,0.6003463055406298,80.5
2,0.5381617492437363,81.25,0.6012974466596331,77.5,0.5166620399270739,81.0
