epoch,train_loss,train_acc,val_loss,val_acc,test_loss,test_acc
1,1.6565950508741663,65.5,0.6136062352359295,74.0,0.5024079160019755,84.0
2,0.5708925691584591,78.625,0.6401925946027041,75.0,0.4741331677720882,86.0
