epoch,train_loss,train_acc,val_loss,val_acc,test_loss,test_acc
1,0.8320544964075088,66.1875,0.7975994093077523,69.0,0.5559990065438407,75.0
2,0.3471702878177166,87.5,0.631638595036098,75.5,0.5037320511681693,82.5
3,0.2223820947110653,92.5,0.6178282116140638,80.0,0.5173407963344029,80.5
4,0.1636500632017851,94.5625,0.940951760326113,76.0,0.5650598619665418,85.0
5,0.165750277005136,94.8125,0.8610065068517413,73.0,0.6400412917137146,77.0
